{
    "rmse": 0.40550277450744304,
    "mae": 0.3491082963874861,
    "r2": 0.27422763724223753
}