{
    "Accuracy": 0.7662337662337663,
    "Precision": 0.6862745098039216,
    "Recall": 0.6363636363636364,
    "Specficity": 0.8383838383838383,
    "F1": 0.660377358490566
}